,Date,sensor,value
0,14/02/21 12:25:09,Temperatura,23.265965689932116
1,14/02/21 12:25:10,Temperatura,21.827254914387304
2,14/02/21 12:25:11,Temperatura,33.360317575504254
3,14/02/21 12:25:13,Temperatura,35.72501305955869
4,14/02/21 12:25:14,Temperatura,28.101283765374564
5,14/02/21 12:25:15,Temperatura,26.457151570731153
6,14/02/21 12:25:16,Temperatura,27.94950256147027
7,14/02/21 12:25:17,Temperatura,26.477261229652722
1,14/02/21 17:25:17,Maximo,35.72501305955869
1,14/02/21 17:25:17,Minimo,21.827254914387304
1,14/02/21 17:25:17,Promedio,28.098069876708337
1,14/02/21 17:25:17,Varianza,25.208093297428075
1,14/02/21 17:25:17,Mediana,27.94950256147027
1,14/02/21 17:25:17,Desviacion,4.648326269968709
8,14/02/21 12:25:18,Temperatura,31.17969247846805
1,14/02/21 17:25:20,Maximo,35.72501305955869
9,14/02/21 12:25:19,Temperatura,34.609127838217326
1,14/02/21 17:25:20,Minimo,21.827254914387304
1,14/02/21 17:25:20,Promedio,28.260382538342125
1,14/02/21 17:25:20,Varianza,20.391858714184394
1,14/02/21 17:25:20,Mediana,27.94950256147027
1,14/02/21 17:25:20,Desviacion,4.257475382762721
10,14/02/21 12:25:21,Temperatura,35.53499032201
11,14/02/21 12:25:22,Temperatura,31.93957198413485
12,14/02/21 12:25:23,Temperatura,28.00354779272721
13,14/02/21 12:25:24,Temperatura,36.868594880333
14,14/02/21 12:25:25,Temperatura,22.898722847413737
15,14/02/21 12:25:26,Temperatura,34.62895934550262
16,14/02/21 12:25:27,Temperatura,32.527525766021526
1,14/02/21 17:25:28,Maximo,36.868594880333
1,14/02/21 17:25:28,Minimo,21.827254914387304
1,14/02/21 17:25:28,Promedio,30.079675507143495
1,14/02/21 17:25:28,Varianza,23.457043306231437
1,14/02/21 17:25:28,Mediana,31.17969247846805
1,14/02/21 17:25:28,Desviacion,4.698639934001571
17,14/02/21 12:25:28,Temperatura,38.0837681192971
18,14/02/21 12:25:30,Temperatura,28.68235420126863
1,14/02/21 17:25:30,Maximo,38.0837681192971
1,14/02/21 17:25:30,Minimo,21.827254914387304
1,14/02/21 17:25:30,Promedio,30.524347318929806
1,14/02/21 17:25:30,Varianza,25.636411592946068
1,14/02/21 17:25:30,Mediana,31.55963223130145
1,14/02/21 17:25:30,Desviacion,4.920585991977893
19,14/02/21 12:25:31,Temperatura,33.434570783679575
20,14/02/21 12:25:32,Temperatura,36.59480712566828
21,14/02/21 12:25:33,Temperatura,29.474601237016376
22,14/02/21 12:25:34,Temperatura,27.83205356743663
23,14/02/21 12:25:35,Temperatura,36.222704536350264
24,14/02/21 12:25:36,Temperatura,28.965014024495467
25,14/02/21 12:25:37,Temperatura,24.333015461463837
26,14/02/21 12:25:39,Temperatura,28.657291222905293
27,14/02/21 12:25:40,Temperatura,37.33272210511437
28,14/02/21 12:25:41,Temperatura,32.11786974664179
29,14/02/21 12:25:42,Temperatura,32.97686895645877
30,14/02/21 12:25:43,Temperatura,36.85588880404041
31,14/02/21 12:25:44,Temperatura,20.8403250587833
32,14/02/21 12:25:45,Temperatura,32.69635884818787
33,14/02/21 12:25:46,Temperatura,21.52972635586289
34,14/02/21 12:25:47,Temperatura,37.48770073612163
1,14/02/21 17:25:48,Maximo,38.0837681192971
1,14/02/21 17:25:48,Minimo,20.8403250587833
35,14/02/21 12:25:48,Temperatura,29.343585673038376
1,14/02/21 17:25:48,Promedio,30.727774986063768
1,14/02/21 17:25:49,Varianza,26.207091049635746
1,14/02/21 17:25:49,Mediana,31.93957198413485
1,14/02/21 17:25:49,Desviacion,5.045623551122908
36,14/02/21 12:25:50,Temperatura,35.44909387381763
37,14/02/21 12:25:51,Temperatura,26.71333857072378
38,14/02/21 12:25:52,Temperatura,29.51703990230701
39,14/02/21 12:25:53,Temperatura,39.670524576076154
40,14/02/21 12:25:54,Temperatura,29.051711562599827
41,14/02/21 12:25:55,Temperatura,32.35772915813341
42,14/02/21 12:25:56,Temperatura,29.726342536003415
43,14/02/21 12:25:57,Temperatura,31.681746902794504
1,14/02/21 17:25:58,Maximo,39.67052457607616
1,14/02/21 17:25:58,Minimo,20.8403250587833
1,14/02/21 17:25:58,Promedio,30.88598266517559
1,14/02/21 17:25:58,Varianza,23.699531169572843
1,14/02/21 17:25:58,Mediana,31.43071969063128
1,14/02/21 17:25:58,Desviacion,4.812577839492413
44,14/02/21 12:25:58,Temperatura,31.249045535451067
45,14/02/21 12:25:59,Temperatura,30.389964406030412
46,14/02/21 12:26:00,Temperatura,33.99744842719072
47,14/02/21 12:26:01,Temperatura,39.62506718752766
48,14/02/21 12:26:03,Temperatura,36.99165177050637
49,14/02/21 12:26:04,Temperatura,25.600125904567896
50,14/02/21 12:26:05,Temperatura,38.13864599458709
51,14/02/21 12:26:06,Temperatura,30.9939931476913
52,14/02/21 12:26:07,Temperatura,28.210855767106548
53,14/02/21 12:26:08,Temperatura,18.923892002121214
1,14/02/21 17:26:09,Maximo,39.67052457607616
1,14/02/21 17:26:09,Minimo,18.92389200212121
1,14/02/21 17:26:09,Promedio,30.983406063157524
1,14/02/21 17:26:09,Varianza,25.907135110107227
1,14/02/21 17:26:09,Mediana,31.214369006959558
1,14/02/21 17:26:09,Desviacion,5.042556231596129
54,14/02/21 12:26:09,Temperatura,26.858897931055893
1,14/02/21 17:26:10,Maximo,39.67052457607616
1,14/02/21 17:26:10,Minimo,18.92389200212121
1,14/02/21 17:26:10,Promedio,30.90841500621022
1,14/02/21 17:26:10,Varianza,25.736674573023
1,14/02/21 17:26:10,Mediana,31.17969247846805
1,14/02/21 17:26:10,Desviacion,5.026801670578586
55,14/02/21 12:26:10,Temperatura,23.28674065746254
1,14/02/21 17:26:11,Maximo,39.67052457607616
1,14/02/21 17:26:11,Minimo,18.92389200212121
1,14/02/21 17:26:11,Promedio,30.772313678554013
1,14/02/21 17:26:11,Varianza,26.306055033159492
1,14/02/21 17:26:11,Mediana,31.086842813079674
1,14/02/21 17:26:11,Desviacion,5.082942459877399
56,14/02/21 12:26:11,Temperatura,33.07933176387638
57,14/02/21 12:26:13,Temperatura,32.4511081323544
1,14/02/21 17:26:13,Maximo,39.67052457607616
1,14/02/21 17:26:13,Minimo,18.92389200212121
1,14/02/21 17:26:13,Promedio,30.84103458440096
1,14/02/21 17:26:13,Varianza,25.52104914806426
1,14/02/21 17:26:13,Mediana,31.214369006959558
1,14/02/21 17:26:13,Desviacion,5.0080965505174255
58,14/02/21 12:26:14,Temperatura,36.530451111182884
59,14/02/21 12:26:15,Temperatura,33.13529270767598
60,14/02/21 12:26:16,Temperatura,22.185138988199753
61,14/02/21 12:26:17,Temperatura,33.35575262493983
1,14/02/21 17:26:17,Maximo,39.67052457607616
1,14/02/21 17:26:17,Minimo,18.92389200212121
1,14/02/21 17:26:17,Promedio,30.870752279471837
1,14/02/21 17:26:18,Varianza,25.795515783934796
1,14/02/21 17:26:18,Mediana,31.465396219122788
1,14/02/21 17:26:18,Desviacion,5.037803001085126
62,14/02/21 12:26:18,Temperatura,24.143229174257534
63,14/02/21 12:26:19,Temperatura,28.615237876408486
64,14/02/21 12:26:20,Temperatura,22.695655891380333
65,14/02/21 12:26:22,Temperatura,33.046200364849255
66,14/02/21 12:26:23,Temperatura,35.2342922131126
67,14/02/21 12:26:24,Temperatura,33.39194361219858
68,14/02/21 12:26:25,Temperatura,36.45445167318974
69,14/02/21 12:26:26,Temperatura,36.39179306375421
70,14/02/21 12:26:27,Temperatura,24.64077828004081
71,14/02/21 12:26:28,Temperatura,32.75354806030945
72,14/02/21 12:26:29,Temperatura,40.08988023466508
73,14/02/21 12:26:30,Temperatura,18.176001150238164
74,14/02/21 12:26:32,Temperatura,26.968354591427854
75,14/02/21 12:26:33,Temperatura,22.54160522863944
76,14/02/21 12:26:34,Temperatura,26.692984649586286
77,14/02/21 12:26:35,Temperatura,25.495529362515736
78,14/02/21 12:26:36,Temperatura,26.76891015490256
79,14/02/21 12:26:37,Temperatura,44.55801153519415
80,14/02/21 12:26:38,Temperatura,39.542197205607
81,14/02/21 12:26:39,Temperatura,31.6668554997774
82,14/02/21 12:26:40,Temperatura,36.058948830747994
83,14/02/21 12:26:41,Temperatura,29.180877393676273
84,14/02/21 12:26:42,Temperatura,25.84587603640901
85,14/02/21 12:26:43,Temperatura,22.81209522684796
86,14/02/21 12:26:44,Temperatura,30.245351832852155
87,14/02/21 12:26:46,Temperatura,26.00829804301763
88,14/02/21 12:26:47,Temperatura,32.38749188664969
89,14/02/21 12:26:48,Temperatura,32.303630390245594
90,14/02/21 12:26:49,Temperatura,36.14050091932029
91,14/02/21 12:26:50,Temperatura,28.68797795196699
92,14/02/21 12:26:51,Temperatura,27.348848781833468
93,14/02/21 12:26:52,Temperatura,30.052409827221116
94,14/02/21 12:26:53,Temperatura,29.070610692800475
95,14/02/21 12:26:54,Temperatura,29.27027714546743
96,14/02/21 12:26:55,Temperatura,27.020925505438
97,14/02/21 12:26:56,Temperatura,30.896384124041504
98,14/02/21 12:26:58,Temperatura,27.034253430252782
99,14/02/21 12:26:59,Temperatura,23.321579920979126
100,14/02/21 12:27:00,Temperatura,35.70566302676249
101,14/02/21 12:27:01,Temperatura,27.618728359246056
102,14/02/21 12:27:02,Temperatura,27.806115483660545
103,14/02/21 12:27:03,Temperatura,23.900274108247554
104,14/02/21 12:27:04,Temperatura,29.47953295618007
105,14/02/21 12:27:06,Temperatura,28.668964583875034
106,14/02/21 12:27:07,Temperatura,26.033267203982614
107,14/02/21 12:27:08,Temperatura,29.89502248548355
108,14/02/21 12:27:09,Temperatura,29.773109385765625
109,14/02/21 12:27:10,Temperatura,32.05502377799397
110,14/02/21 12:27:11,Temperatura,35.66086326572874
111,14/02/21 12:27:12,Temperatura,35.30106167502722
112,14/02/21 12:27:13,Temperatura,29.323290800326298
113,14/02/21 12:27:14,Temperatura,27.8779714408992
114,14/02/21 12:27:16,Temperatura,28.005932880623607
115,14/02/21 12:27:17,Temperatura,33.00427485598143
116,14/02/21 12:27:18,Temperatura,29.261280081989984
117,14/02/21 12:27:19,Temperatura,34.34442477059446
118,14/02/21 12:27:20,Temperatura,35.914994171329866
119,14/02/21 12:27:21,Temperatura,22.777899119439738
120,14/02/21 12:27:22,Temperatura,26.214484875875904
121,14/02/21 12:27:23,Temperatura,32.17737652269903
122,14/02/21 12:27:24,Temperatura,29.092100212671458
123,14/02/21 12:27:25,Temperatura,32.99601414624811
124,14/02/21 12:27:26,Temperatura,31.4275041399777
125,14/02/21 12:27:28,Temperatura,28.05280250014115
126,14/02/21 12:27:29,Temperatura,28.50934143722617
127,14/02/21 12:27:30,Temperatura,38.077344927764706
128,14/02/21 12:27:31,Temperatura,32.84151070045111
129,14/02/21 12:27:32,Temperatura,35.588319569909245
130,14/02/21 12:27:33,Temperatura,21.396723063545117
131,14/02/21 12:27:34,Temperatura,36.26187237091372
132,14/02/21 12:27:35,Temperatura,27.5342289833129
133,14/02/21 12:27:37,Temperatura,28.255667772866484
134,14/02/21 12:27:38,Temperatura,36.458359169717234
135,14/02/21 12:27:39,Temperatura,31.179319120976118
1,14/02/21 17:27:39,Maximo,44.55801153519415
1,14/02/21 17:27:40,Minimo,18.176001150238164
1,14/02/21 17:27:40,Promedio,30.485375757621398
1,14/02/21 17:27:40,Varianza,24.71906499082215
1,14/02/21 17:27:40,Mediana,29.973716156352335
1,14/02/21 17:27:40,Desviacion,4.953514627010532
136,14/02/21 12:27:40,Temperatura,28.622083060835276
137,14/02/21 12:27:41,Temperatura,26.85379686016451
138,14/02/21 12:27:42,Temperatura,39.78892414645496
139,14/02/21 12:27:43,Temperatura,15.602856420332712
140,14/02/21 12:27:45,Temperatura,43.3761055274791
141,14/02/21 12:27:46,Temperatura,34.35854534877548
142,14/02/21 12:27:47,Temperatura,30.941973568824707
143,14/02/21 12:27:48,Temperatura,27.693841140257568
144,14/02/21 12:27:49,Temperatura,24.990517804970988
145,14/02/21 12:27:50,Temperatura,35.3699011722659
146,14/02/21 12:27:51,Temperatura,29.129022005572615
147,14/02/21 12:27:52,Temperatura,29.750808639050458
148,14/02/21 12:27:53,Temperatura,28.78783330472742
149,14/02/21 12:27:55,Temperatura,31.7066788783556
150,14/02/21 12:27:56,Temperatura,33.325532671094976
151,14/02/21 12:27:57,Temperatura,28.09009689264345
1,14/02/21 17:27:58,Maximo,44.55801153519415
1,14/02/21 17:27:58,Minimo,15.602856420332712
1,14/02/21 17:27:58,Promedio,30.489471187357342
1,14/02/21 17:27:58,Varianza,25.9970779346484
1,14/02/21 17:27:58,Mediana,29.834065935624587
152,14/02/21 12:27:58,Temperatura,32.89966714979152
1,14/02/21 17:27:58,Desviacion,5.081933148633853
153,14/02/21 12:27:59,Temperatura,32.36958332386103
154,14/02/21 12:28:00,Temperatura,30.314010359368076
155,14/02/21 12:28:01,Temperatura,20.60468734998939
156,14/02/21 12:28:02,Temperatura,33.47534349855523
157,14/02/21 12:28:03,Temperatura,33.698616930449454
158,14/02/21 12:28:04,Temperatura,32.372872066908556
159,14/02/21 12:28:06,Temperatura,21.341531205174807
160,14/02/21 12:28:07,Temperatura,23.724577571938497
161,14/02/21 12:28:08,Temperatura,30.58384393313788
162,14/02/21 12:28:09,Temperatura,33.44577893826691
163,14/02/21 12:28:10,Temperatura,39.11763636359535
164,14/02/21 12:28:11,Temperatura,20.439281657499922
165,14/02/21 12:28:12,Temperatura,27.520663327172336
166,14/02/21 12:28:13,Temperatura,30.269867937089785
167,14/02/21 12:28:14,Temperatura,34.7499430336471
168,14/02/21 12:28:15,Temperatura,30.479817232055574
169,14/02/21 12:28:16,Temperatura,28.405595579791466
170,14/02/21 12:28:18,Temperatura,34.12338185884793
171,14/02/21 12:28:19,Temperatura,25.863269414584693
172,14/02/21 12:28:20,Temperatura,32.86921561018855
173,14/02/21 12:28:21,Temperatura,34.30678982021698
174,14/02/21 12:28:22,Temperatura,38.230555484712795
175,14/02/21 12:28:23,Temperatura,26.29750472999233
176,14/02/21 12:28:24,Temperatura,19.265814214061667
177,14/02/21 12:28:25,Temperatura,29.026046442607097
178,14/02/21 12:28:26,Temperatura,25.225513332224097
179,14/02/21 12:28:27,Temperatura,31.789631585187713
180,14/02/21 12:28:29,Temperatura,24.743417133050816
181,14/02/21 12:28:30,Temperatura,25.72292222941506
182,14/02/21 12:28:31,Temperatura,23.33967032274832
183,14/02/21 12:28:32,Temperatura,34.06649967675001
184,14/02/21 12:28:33,Temperatura,30.24283469564147
185,14/02/21 12:28:34,Temperatura,21.773308553872717
186,14/02/21 12:28:35,Temperatura,28.233502450041755
187,14/02/21 12:28:37,Temperatura,20.64671889180519
188,14/02/21 12:28:38,Temperatura,34.17472988449044
189,14/02/21 12:28:39,Temperatura,33.53871002037051
190,14/02/21 12:28:40,Temperatura,26.8848011807385
191,14/02/21 12:28:41,Temperatura,25.012833773877105
192,14/02/21 12:28:42,Temperatura,29.075726934356382
193,14/02/21 12:28:44,Temperatura,40.927177520573245
194,14/02/21 12:28:45,Temperatura,27.26582105370454
195,14/02/21 12:28:46,Temperatura,25.76800819248503
196,14/02/21 12:28:47,Temperatura,22.001705326885787
197,14/02/21 12:28:48,Temperatura,34.43054667280562
198,14/02/21 12:28:49,Temperatura,32.86180253490723
199,14/02/21 12:28:50,Temperatura,31.861829157786055
200,14/02/21 12:28:52,Temperatura,26.445368137264868
201,14/02/21 12:28:53,Temperatura,29.116567768795086
202,14/02/21 12:28:54,Temperatura,24.29299035198915
203,14/02/21 12:28:55,Temperatura,29.667513315320008
204,14/02/21 12:28:56,Temperatura,28.43761062109064
205,14/02/21 12:28:57,Temperatura,27.89052915940056
206,14/02/21 12:28:59,Temperatura,36.088444903993164
207,14/02/21 12:29:00,Temperatura,36.91152494672233
208,14/02/21 12:29:01,Temperatura,22.59298561247794
209,14/02/21 12:29:02,Temperatura,38.19697306871436
210,14/02/21 12:29:04,Temperatura,34.03351682631777
211,14/02/21 12:29:05,Temperatura,27.395542330507684
212,14/02/21 12:29:06,Temperatura,31.879301319556465
213,14/02/21 12:29:07,Temperatura,35.250907720170694
214,14/02/21 12:29:08,Temperatura,25.704618905934076
215,14/02/21 12:29:09,Temperatura,34.41091736459456
216,14/02/21 12:29:11,Temperatura,27.551894967562493
1,14/02/21 17:29:11,Maximo,44.55801153519415
1,14/02/21 17:29:11,Minimo,15.602856420332712
1,14/02/21 17:29:11,Promedio,30.222678421242538
1,14/02/21 17:29:11,Varianza,26.16164866153168
1,14/02/21 17:29:11,Mediana,29.834065935624587
1,14/02/21 17:29:11,Desviacion,5.102992251388224
217,14/02/21 12:29:12,Temperatura,31.827645742671017
218,14/02/21 12:29:13,Temperatura,33.675208788462584
219,14/02/21 12:29:14,Temperatura,27.19337714225541
220,14/02/21 12:29:15,Temperatura,24.26020802090465
221,14/02/21 12:29:16,Temperatura,34.52364342224052
222,14/02/21 12:29:17,Temperatura,37.969698155982
1,14/02/21 17:29:18,Maximo,44.55801153519415
1,14/02/21 17:29:18,Minimo,15.602856420332712
1,14/02/21 17:29:18,Promedio,30.247086166943795
1,14/02/21 17:29:18,Varianza,25.988706834072147
1,14/02/21 17:29:18,Mediana,29.89502248548355
1,14/02/21 17:29:18,Desviacion,5.086468868264181
223,14/02/21 12:29:18,Temperatura,21.576185462209715
224,14/02/21 12:29:19,Temperatura,18.981701162939995
225,14/02/21 12:29:21,Temperatura,29.552754317527974
226,14/02/21 12:29:22,Temperatura,29.477659114665318
1,14/02/21 17:29:23,Maximo,44.55801153519415
1,14/02/21 17:29:23,Minimo,15.602856420332712
1,14/02/21 17:29:23,Promedio,30.152812842668766
1,14/02/21 17:29:23,Varianza,26.418774322321426
227,14/02/21 12:29:23,Temperatura,27.277682820195334
1,14/02/21 17:29:23,Mediana,29.750808639050454
1,14/02/21 17:29:23,Desviacion,5.128585775492531
228,14/02/21 12:29:24,Temperatura,34.04141478120334
229,14/02/21 12:29:25,Temperatura,32.347032257126145
230,14/02/21 12:29:26,Temperatura,27.25514051273484
231,14/02/21 12:29:27,Temperatura,31.821187007289574
232,14/02/21 12:29:28,Temperatura,36.63298901816605
1,14/02/21 17:29:30,Maximo,44.55801153519415
233,14/02/21 12:29:30,Temperatura,27.424217478527083
1,14/02/21 17:29:30,Minimo,15.602856420332712
1,14/02/21 17:29:30,Promedio,30.189115715375642
1,14/02/21 17:29:30,Varianza,26.084960273923244
1,14/02/21 17:29:30,Mediana,29.773109385765625
1,14/02/21 17:29:30,Desviacion,5.096372009059174
234,14/02/21 12:29:31,Temperatura,30.29988784104685
235,14/02/21 12:29:32,Temperatura,27.861000572552136
236,14/02/21 12:29:33,Temperatura,29.428472612148628
237,14/02/21 12:29:34,Temperatura,23.297916643072426
238,14/02/21 12:29:35,Temperatura,32.85419647931778
239,14/02/21 12:29:36,Temperatura,38.235089902986935
240,14/02/21 12:29:37,Temperatura,33.14426294318559
241,14/02/21 12:29:38,Temperatura,24.213981827470715
242,14/02/21 12:29:39,Temperatura,30.834758943861488
243,14/02/21 12:29:41,Temperatura,29.535162947794973
244,14/02/21 12:29:42,Temperatura,38.90058242357291
245,14/02/21 12:29:43,Temperatura,31.05423989043317
246,14/02/21 12:29:44,Temperatura,28.405140403876164
247,14/02/21 12:29:45,Temperatura,27.172751931738727
248,14/02/21 12:29:46,Temperatura,25.904283647453703
249,14/02/21 12:29:47,Temperatura,32.891363605020814
250,14/02/21 12:29:48,Temperatura,26.29015980731491
251,14/02/21 12:29:49,Temperatura,30.64501131790073
252,14/02/21 12:29:51,Temperatura,24.39275204854647
253,14/02/21 12:29:52,Temperatura,32.676458799265895
254,14/02/21 12:29:53,Temperatura,31.94829747626236
255,14/02/21 12:29:54,Temperatura,25.459516520265705
256,14/02/21 12:29:55,Temperatura,34.25534867488422
257,14/02/21 12:29:56,Temperatura,25.646648212679754
258,14/02/21 12:29:57,Temperatura,36.804209767611965
259,14/02/21 12:29:58,Temperatura,22.197863023407635
260,14/02/21 12:30:00,Temperatura,21.20563898107281
261,14/02/21 12:30:01,Temperatura,25.077190626260798
262,14/02/21 12:30:02,Temperatura,25.265859045308822
263,14/02/21 12:30:03,Temperatura,35.207724675599074
264,14/02/21 12:30:04,Temperatura,26.5535287210652
265,14/02/21 12:30:05,Temperatura,28.285821319253174
266,14/02/21 12:30:06,Temperatura,23.10506101911459
267,14/02/21 12:30:07,Temperatura,32.111970977044756
268,14/02/21 12:30:09,Temperatura,33.60270918562051
269,14/02/21 12:30:10,Temperatura,33.27584198940011
270,14/02/21 12:30:11,Temperatura,30.28321056553808
271,14/02/21 12:30:12,Temperatura,32.38507371717473
272,14/02/21 12:30:13,Temperatura,29.46319230798052
273,14/02/21 12:30:14,Temperatura,38.187855385102175
274,14/02/21 12:30:15,Temperatura,27.439468458323276
275,14/02/21 12:30:17,Temperatura,31.985443111241572
276,14/02/21 12:30:18,Temperatura,32.97180319755674
277,14/02/21 12:30:19,Temperatura,29.111435876746143
278,14/02/21 12:30:20,Temperatura,37.59450205674576
279,14/02/21 12:30:21,Temperatura,29.411926340671474
280,14/02/21 12:30:22,Temperatura,29.3438781605017
281,14/02/21 12:30:23,Temperatura,31.77729440885046
282,14/02/21 12:30:24,Temperatura,40.602924208874065
283,14/02/21 12:30:25,Temperatura,40.31762109978596
284,14/02/21 12:30:27,Temperatura,32.70002958636909
285,14/02/21 12:30:28,Temperatura,30.213876337621784
286,14/02/21 12:30:29,Temperatura,23.37747918608594
287,14/02/21 12:30:30,Temperatura,34.84838801985659
288,14/02/21 12:30:31,Temperatura,24.32800012538712
289,14/02/21 12:30:32,Temperatura,28.29714449040897
290,14/02/21 12:30:33,Temperatura,37.852745683956506
291,14/02/21 12:30:34,Temperatura,30.24397309374974
292,14/02/21 12:30:35,Temperatura,35.533657060344176
293,14/02/21 12:30:36,Temperatura,33.59546918406624
294,14/02/21 12:30:38,Temperatura,23.551692980567314
295,14/02/21 12:30:39,Temperatura,29.397991489122756
296,14/02/21 12:30:40,Temperatura,16.724551294213228
297,14/02/21 12:30:41,Temperatura,34.61136993332943
298,14/02/21 12:30:42,Temperatura,34.82667785990421
299,14/02/21 12:30:43,Temperatura,34.047857256275286
300,14/02/21 12:30:44,Temperatura,30.226249806452802
301,14/02/21 12:30:45,Temperatura,31.390694596024947
302,14/02/21 12:30:46,Temperatura,34.81616968848523
303,14/02/21 12:30:47,Temperatura,27.439449955787317
304,14/02/21 12:30:48,Temperatura,31.21668844832784
305,14/02/21 12:30:49,Temperatura,26.280529699606614
306,14/02/21 12:30:50,Temperatura,21.341390062983045
307,14/02/21 12:30:52,Temperatura,28.969738288800983
308,14/02/21 12:30:53,Temperatura,27.099824161666234
309,14/02/21 12:30:54,Temperatura,37.25825472497871
310,14/02/21 12:30:55,Temperatura,27.67441640108868
311,14/02/21 12:30:56,Temperatura,39.81545155714182
312,14/02/21 12:30:57,Temperatura,34.646197180667656
313,14/02/21 12:30:58,Temperatura,23.670607427748443
314,14/02/21 12:30:59,Temperatura,28.580493789489793
315,14/02/21 12:31:00,Temperatura,32.95621864958539
316,14/02/21 12:31:01,Temperatura,24.105118105204877
317,14/02/21 12:31:02,Temperatura,24.49677897715523
318,14/02/21 12:31:03,Temperatura,20.959627937492073
319,14/02/21 12:31:05,Temperatura,28.09584963866738
320,14/02/21 12:31:06,Temperatura,37.83372430210462
321,14/02/21 12:31:07,Temperatura,25.56369389327847
322,14/02/21 12:31:08,Temperatura,29.85385218294006
323,14/02/21 12:31:09,Temperatura,37.27996751778429
324,14/02/21 12:31:10,Temperatura,35.68496476836013
325,14/02/21 12:31:11,Temperatura,27.39192325552564
326,14/02/21 12:31:12,Temperatura,32.0263910113575
327,14/02/21 12:31:13,Temperatura,24.171375500427665
328,14/02/21 12:31:15,Temperatura,29.408906593454905
329,14/02/21 12:31:16,Temperatura,27.437257438787295
330,14/02/21 12:31:17,Temperatura,30.129796620028035
331,14/02/21 12:31:18,Temperatura,30.486791282504804
332,14/02/21 12:31:19,Temperatura,28.677271810109442
333,14/02/21 12:31:20,Temperatura,30.11864024062195
334,14/02/21 12:31:21,Temperatura,34.34409094566557
335,14/02/21 12:31:22,Temperatura,29.639640958296866
336,14/02/21 12:31:23,Temperatura,24.422251646095077
337,14/02/21 12:31:25,Temperatura,27.520846172383486
338,14/02/21 12:31:26,Temperatura,20.695844001484307
339,14/02/21 12:31:27,Temperatura,42.13617394074546
340,14/02/21 12:31:28,Temperatura,35.20213436702429
341,14/02/21 12:31:29,Temperatura,26.630912474480148
342,14/02/21 12:31:30,Temperatura,27.373547874736055
343,14/02/21 12:31:31,Temperatura,34.181707239240026
344,14/02/21 12:31:32,Temperatura,30.60192823371662
345,14/02/21 12:31:33,Temperatura,34.6456613927992
346,14/02/21 12:31:34,Temperatura,31.83329539357302
347,14/02/21 12:31:35,Temperatura,25.042919429463616
348,14/02/21 12:31:36,Temperatura,27.510782174282433
349,14/02/21 12:31:37,Temperatura,34.29632576763838
350,14/02/21 12:31:38,Temperatura,29.307077643492896
351,14/02/21 12:31:40,Temperatura,36.99175861695548
352,14/02/21 12:31:41,Temperatura,37.73546891610916
353,14/02/21 12:31:42,Temperatura,27.941702145662184
354,14/02/21 12:31:43,Temperatura,31.29580518043218
355,14/02/21 12:31:44,Temperatura,36.31390697941569
356,14/02/21 12:31:45,Temperatura,37.31573684033941
357,14/02/21 12:31:46,Temperatura,32.30148890089343
358,14/02/21 12:31:47,Temperatura,33.69055172727254
359,14/02/21 12:31:48,Temperatura,32.813232950335525
360,14/02/21 12:31:49,Temperatura,34.359441571665215
361,14/02/21 12:31:50,Temperatura,25.567518033590726
362,14/02/21 12:31:51,Temperatura,30.57518843719379
363,14/02/21 12:31:52,Temperatura,24.102550887394308
364,14/02/21 12:31:53,Temperatura,29.5269957012551
365,14/02/21 12:31:55,Temperatura,31.226639059056666
366,14/02/21 12:31:56,Temperatura,33.32042391621977
367,14/02/21 12:31:57,Temperatura,28.96381943723771
368,14/02/21 12:31:58,Temperatura,28.536409095485098
369,14/02/21 12:31:59,Temperatura,24.40782420509254
370,14/02/21 12:32:00,Temperatura,33.47303731658138
371,14/02/21 12:32:01,Temperatura,36.92028917400643
372,14/02/21 12:32:02,Temperatura,24.9336896815524
373,14/02/21 12:32:03,Temperatura,38.02697259868261
374,14/02/21 12:32:04,Temperatura,29.514927540555135
375,14/02/21 12:32:05,Temperatura,26.675103618806034
376,14/02/21 12:32:07,Temperatura,33.98446041719531
377,14/02/21 12:32:08,Temperatura,28.047236845367127
378,14/02/21 12:32:09,Temperatura,30.25105909862154
379,14/02/21 12:32:10,Temperatura,32.32863404618257
380,14/02/21 12:32:11,Temperatura,29.47188342374629
381,14/02/21 12:32:12,Temperatura,28.04698404210025
382,14/02/21 12:32:13,Temperatura,25.638095749036196
383,14/02/21 12:32:14,Temperatura,25.437583742402257
384,14/02/21 12:32:15,Temperatura,25.28763091401923
385,14/02/21 12:32:16,Temperatura,32.541528874491576
386,14/02/21 12:32:17,Temperatura,32.169574247287365
387,14/02/21 12:32:18,Temperatura,24.79381312367724
388,14/02/21 12:32:19,Temperatura,22.94232659439852
389,14/02/21 12:32:20,Temperatura,38.661179444592356
390,14/02/21 12:32:22,Temperatura,35.52409290082587
391,14/02/21 12:32:23,Temperatura,20.95937762110851
392,14/02/21 12:32:24,Temperatura,25.515132563431585
393,14/02/21 12:32:25,Temperatura,28.310589150495993
394,14/02/21 12:32:26,Temperatura,37.519928478986884
395,14/02/21 12:32:27,Temperatura,27.505776576004987
396,14/02/21 12:32:28,Temperatura,34.024475560669515
397,14/02/21 12:32:29,Temperatura,29.370251845929698
398,14/02/21 12:32:30,Temperatura,30.288870276693487
399,14/02/21 12:32:31,Temperatura,28.01764041046952
400,14/02/21 12:32:32,Temperatura,32.132100686584174
401,14/02/21 12:32:33,Temperatura,23.17350018019301
402,14/02/21 12:32:34,Temperatura,31.568400137672615
403,14/02/21 12:32:36,Temperatura,42.103959080601406
404,14/02/21 12:32:37,Temperatura,29.4485200107708
405,14/02/21 12:32:38,Temperatura,34.9906087722096
406,14/02/21 12:32:39,Temperatura,26.41579295058266
407,14/02/21 12:32:40,Temperatura,27.981068509138808
408,14/02/21 12:32:41,Temperatura,31.55069937962211
409,14/02/21 12:32:42,Temperatura,27.054574775355274
410,14/02/21 12:32:43,Temperatura,24.679947033476804
411,14/02/21 12:32:44,Temperatura,34.76641142830098
412,14/02/21 12:32:45,Temperatura,27.570520419041824
413,14/02/21 12:32:46,Temperatura,34.36777769869509
414,14/02/21 12:32:48,Temperatura,27.945050898543276
415,14/02/21 12:32:49,Temperatura,32.301377397576324
416,14/02/21 12:32:50,Temperatura,33.182168955297804
417,14/02/21 12:32:51,Temperatura,30.27281631430086
418,14/02/21 12:32:52,Temperatura,30.81350864615951
419,14/02/21 12:32:53,Temperatura,35.53943600113762
420,14/02/21 12:32:55,Temperatura,39.85268913463455
421,14/02/21 12:32:56,Temperatura,35.48777018228769
422,14/02/21 12:32:57,Temperatura,38.42537871777367
423,14/02/21 12:32:58,Temperatura,30.298763301557464
424,14/02/21 12:32:59,Temperatura,38.07878602400295
425,14/02/21 12:33:00,Temperatura,19.721232780233727
426,14/02/21 12:33:01,Temperatura,40.72082509969308
427,14/02/21 12:33:02,Temperatura,26.63168781783896
428,14/02/21 12:33:04,Temperatura,32.185600751499486
429,14/02/21 12:33:05,Temperatura,36.32398466684428
430,14/02/21 12:33:06,Temperatura,26.301662094568037
431,14/02/21 12:33:07,Temperatura,23.206340518005426
432,14/02/21 12:33:08,Temperatura,34.43800653179543
433,14/02/21 12:33:09,Temperatura,42.49935349056646
434,14/02/21 12:33:10,Temperatura,36.89558647342932
435,14/02/21 12:33:12,Temperatura,25.990162346492333
436,14/02/21 12:33:17,Temperatura,30.899558280617917
437,14/02/21 12:33:18,Temperatura,27.701778032368004
438,14/02/21 12:33:19,Temperatura,30.727984387902623
439,14/02/21 12:33:20,Temperatura,36.640053763833706
440,14/02/21 12:33:22,Temperatura,29.516805077988582
441,14/02/21 12:33:23,Temperatura,31.533760309161895
442,14/02/21 12:33:24,Temperatura,28.730992915614518
443,14/02/21 12:33:25,Temperatura,37.72949922024011
444,14/02/21 12:33:26,Temperatura,37.76556280182398
445,14/02/21 12:33:27,Temperatura,28.883662993083316
446,14/02/21 12:33:28,Temperatura,23.86616583665635
447,14/02/21 12:33:29,Temperatura,31.513004887127657
448,14/02/21 12:33:30,Temperatura,37.599413997651304
449,14/02/21 12:33:32,Temperatura,26.75299393599692
450,14/02/21 12:33:33,Temperatura,37.15876504256416
451,14/02/21 12:33:34,Temperatura,26.684931540123884
452,14/02/21 12:33:35,Temperatura,28.058269361260322
453,14/02/21 12:33:36,Temperatura,33.052191190899954
454,14/02/21 12:33:37,Temperatura,27.782400041254775
455,14/02/21 12:33:38,Temperatura,29.765634541682246
456,14/02/21 12:33:39,Temperatura,30.428778673934126
457,14/02/21 12:33:41,Temperatura,33.91464390807722
458,14/02/21 12:33:42,Temperatura,37.09059150419331
459,14/02/21 12:33:43,Temperatura,28.40346011911504
460,14/02/21 12:33:44,Temperatura,35.619292966733084
461,14/02/21 12:33:45,Temperatura,26.12591902483771
462,14/02/21 12:33:46,Temperatura,30.749922081074317
463,14/02/21 12:33:47,Temperatura,38.91260257468377
464,14/02/21 12:33:48,Temperatura,32.89375169052214
465,14/02/21 12:33:49,Temperatura,28.784443765402454
466,14/02/21 12:33:51,Temperatura,28.411164711903922
467,14/02/21 12:33:52,Temperatura,35.72419702389659
468,14/02/21 12:33:53,Temperatura,33.17310850663859
469,14/02/21 12:33:54,Temperatura,28.24373004575488
470,14/02/21 12:33:55,Temperatura,35.028533741640565
471,14/02/21 12:33:56,Temperatura,27.961060474661654
472,14/02/21 12:33:57,Temperatura,32.90219154344491
473,14/02/21 12:33:58,Temperatura,28.718884246643462
474,14/02/21 12:34:00,Temperatura,27.472486476577956
475,14/02/21 12:34:01,Temperatura,38.89670919671602
476,14/02/21 12:34:02,Temperatura,36.826199516460726
477,14/02/21 12:34:03,Temperatura,36.00367188208529
478,14/02/21 12:34:04,Temperatura,23.524031194046344
479,14/02/21 12:34:05,Temperatura,30.51488000814326
480,14/02/21 12:34:06,Temperatura,32.64709747236152
481,14/02/21 12:34:07,Temperatura,24.94689982234709
482,14/02/21 12:34:08,Temperatura,26.89938581609781
483,14/02/21 12:34:09,Temperatura,31.214153344530686
484,14/02/21 12:34:10,Temperatura,27.838874636909324
485,14/02/21 12:34:11,Temperatura,27.208333417889687
486,14/02/21 12:34:13,Temperatura,28.005603108330295
487,14/02/21 12:34:14,Temperatura,27.323460047853793
488,14/02/21 12:34:15,Temperatura,27.11369273571873
489,14/02/21 12:34:16,Temperatura,20.225197149206952
490,14/02/21 12:34:17,Temperatura,31.90123269629092
491,14/02/21 12:34:18,Temperatura,30.19428230596557
492,14/02/21 12:34:19,Temperatura,29.329118473052148
493,14/02/21 12:34:20,Temperatura,31.259797854201707
494,14/02/21 12:34:21,Temperatura,33.23106185102265
495,14/02/21 12:34:22,Temperatura,27.00387788838963
496,14/02/21 12:34:23,Temperatura,33.70785311070369
497,14/02/21 12:34:24,Temperatura,25.325368595636675
498,14/02/21 12:34:25,Temperatura,31.976774857310062
499,14/02/21 12:34:27,Temperatura,23.760908996777147
500,14/02/21 12:34:28,Temperatura,26.413247291381214
501,14/02/21 12:34:29,Temperatura,27.84849949895147
502,14/02/21 12:34:30,Temperatura,23.665106652629845
503,14/02/21 12:34:31,Temperatura,26.886900763744663
504,14/02/21 12:34:32,Temperatura,32.078740400479305
505,14/02/21 12:34:33,Temperatura,31.300988515536442
506,14/02/21 12:34:34,Temperatura,29.58167350230653
507,14/02/21 12:34:35,Temperatura,33.49866539097691
508,14/02/21 12:34:36,Temperatura,20.645224661519094
509,14/02/21 12:34:37,Temperatura,33.08332769522466
510,14/02/21 12:34:38,Temperatura,25.309801213195875
511,14/02/21 12:34:39,Temperatura,32.85635183287416
512,14/02/21 12:34:41,Temperatura,33.370988769655995
513,14/02/21 12:34:42,Temperatura,27.620996751719485
514,14/02/21 12:34:43,Temperatura,30.577082587768743
515,14/02/21 12:34:44,Temperatura,31.00318865122489
516,14/02/21 12:34:45,Temperatura,32.93008570290303
517,14/02/21 12:34:46,Temperatura,30.216841306257304
518,14/02/21 12:34:47,Temperatura,25.621954965000185
519,14/02/21 12:34:48,Temperatura,35.21474629085684
520,14/02/21 12:34:49,Temperatura,44.13566853070185
521,14/02/21 12:34:50,Temperatura,27.66914417969576
522,14/02/21 12:34:51,Temperatura,25.04720243959512
523,14/02/21 12:34:52,Temperatura,32.304729627692026
524,14/02/21 12:34:54,Temperatura,31.148889213779732
525,14/02/21 12:34:55,Temperatura,32.53493280513988
526,14/02/21 12:34:56,Temperatura,32.512752654999346
527,14/02/21 12:34:57,Temperatura,40.219215403858065
528,14/02/21 12:34:58,Temperatura,25.29321427564409
529,14/02/21 12:34:59,Temperatura,34.01925001615766
530,14/02/21 12:35:00,Temperatura,29.82684660361699
531,14/02/21 12:35:01,Temperatura,29.36640935179474
532,14/02/21 12:35:02,Temperatura,27.12490786621222
533,14/02/21 12:35:03,Temperatura,23.110627386031652
534,14/02/21 12:35:05,Temperatura,27.812359393575775
535,14/02/21 12:35:06,Temperatura,21.89918622440846
536,14/02/21 12:35:07,Temperatura,24.90401470964509
537,14/02/21 12:35:08,Temperatura,24.01548007268556
538,14/02/21 12:35:09,Temperatura,21.345778165999796
539,14/02/21 12:35:10,Temperatura,31.159226317429955
540,14/02/21 12:35:11,Temperatura,29.910394053381513
541,14/02/21 12:35:12,Temperatura,29.70101222598628
542,14/02/21 12:35:13,Temperatura,26.840237826658228
543,14/02/21 12:35:15,Temperatura,28.023333210336556
544,14/02/21 12:35:16,Temperatura,28.158516765926972
545,14/02/21 12:35:17,Temperatura,29.324199230343268
546,14/02/21 12:35:18,Temperatura,34.33069686794795
547,14/02/21 12:35:19,Temperatura,35.11394316448578
548,14/02/21 12:35:20,Temperatura,24.28835303253163
549,14/02/21 12:35:21,Temperatura,24.590467386337245
550,14/02/21 12:35:22,Temperatura,25.929824858237637
551,14/02/21 12:35:24,Temperatura,30.11916784067693
552,14/02/21 12:35:25,Temperatura,36.2276600434488
553,14/02/21 12:35:26,Temperatura,32.192707493379075
554,14/02/21 12:35:27,Temperatura,29.752021382863077
555,14/02/21 12:35:29,Temperatura,36.5565992863155
556,14/02/21 12:35:30,Temperatura,41.26238848744424
557,14/02/21 12:35:31,Temperatura,17.728342450902204
558,14/02/21 12:35:32,Temperatura,29.63054939027998
559,14/02/21 12:35:33,Temperatura,21.660505280178732
560,14/02/21 12:35:35,Temperatura,23.428424939719488
561,14/02/21 12:35:36,Temperatura,22.73830867515969
562,14/02/21 12:35:37,Temperatura,24.905406341409144
563,14/02/21 12:35:38,Temperatura,30.157255328907812
564,14/02/21 12:35:39,Temperatura,23.021423210208873
565,14/02/21 12:35:40,Temperatura,32.40495037643987
566,14/02/21 12:35:41,Temperatura,27.03731415731217
567,14/02/21 12:35:43,Temperatura,28.40990301535657
568,14/02/21 12:35:44,Temperatura,35.47493037936276
569,14/02/21 12:35:45,Temperatura,27.138842553297554
570,14/02/21 12:35:46,Temperatura,27.21434793285607
571,14/02/21 12:35:47,Temperatura,18.60230493970379
572,14/02/21 12:35:48,Temperatura,31.721090343479112
573,14/02/21 12:35:49,Temperatura,35.20184553562051
574,14/02/21 12:35:51,Temperatura,29.732486833956095
575,14/02/21 12:35:52,Temperatura,34.65900631037161
576,14/02/21 12:35:53,Temperatura,23.279365139909782
577,14/02/21 12:35:54,Temperatura,28.476528930526342
578,14/02/21 12:35:55,Temperatura,29.944966693423147
579,14/02/21 12:35:57,Temperatura,38.407138496279444
580,14/02/21 12:35:58,Temperatura,35.11866221213526
581,14/02/21 12:35:59,Temperatura,26.489980970343122
582,14/02/21 12:36:00,Temperatura,36.707165609632064
583,14/02/21 12:36:01,Temperatura,29.88484796870338
584,14/02/21 12:36:02,Temperatura,29.396509734675007
585,14/02/21 12:36:04,Temperatura,26.706945411525506
586,14/02/21 12:36:05,Temperatura,33.48283119953841
587,14/02/21 12:36:06,Temperatura,29.242309618350916
588,14/02/21 12:36:07,Temperatura,20.496952833451985
589,14/02/21 12:36:08,Temperatura,34.79293462143461
590,14/02/21 12:36:09,Temperatura,19.81923398859776
591,14/02/21 12:36:11,Temperatura,31.442493382840805
592,14/02/21 12:36:12,Temperatura,32.676733010835925
593,14/02/21 12:36:13,Temperatura,29.14631004294088
594,14/02/21 12:36:14,Temperatura,32.46896155860384
595,14/02/21 12:36:15,Temperatura,31.286884611041394
596,14/02/21 12:36:16,Temperatura,29.725261395582486
597,14/02/21 12:36:17,Temperatura,27.687989911582356
598,14/02/21 12:36:19,Temperatura,24.184745636680795
599,14/02/21 12:36:20,Temperatura,25.786229760907467
600,14/02/21 12:36:21,Temperatura,28.869382287117016
601,14/02/21 12:36:22,Temperatura,18.75277682508516
602,14/02/21 12:36:23,Temperatura,28.93659968814779
603,14/02/21 12:36:24,Temperatura,16.520243312460046
604,14/02/21 12:36:26,Temperatura,23.31858204232351
605,14/02/21 12:36:27,Temperatura,37.860979249861
606,14/02/21 12:36:28,Temperatura,41.61982691233262
607,14/02/21 12:36:29,Temperatura,21.982783552652556
608,14/02/21 12:36:30,Temperatura,35.27369583138909
609,14/02/21 12:36:31,Temperatura,27.68820286775439
610,14/02/21 12:36:33,Temperatura,35.640116144456734
611,14/02/21 12:36:34,Temperatura,36.59684572429224
612,14/02/21 12:36:35,Temperatura,35.417523347295685
613,14/02/21 12:36:36,Temperatura,30.137855213069738
614,14/02/21 12:36:37,Temperatura,34.037677063480544
615,14/02/21 12:36:39,Temperatura,33.8435468364482
616,14/02/21 12:36:40,Temperatura,29.65724846626034
617,14/02/21 12:36:41,Temperatura,23.41178096230024
618,14/02/21 12:36:42,Temperatura,19.258814686774286
619,14/02/21 12:36:44,Temperatura,25.648880091504502
620,14/02/21 12:36:45,Temperatura,30.799456215661152
621,14/02/21 12:36:46,Temperatura,26.263712579069228
622,14/02/21 12:36:47,Temperatura,30.535292860025894
623,14/02/21 12:36:48,Temperatura,25.92829450092129
624,14/02/21 12:36:49,Temperatura,29.783258658078477
625,14/02/21 12:36:51,Temperatura,26.60479237237673
626,14/02/21 12:36:52,Temperatura,29.904095981927565
627,14/02/21 12:36:53,Temperatura,35.658403621591916
628,14/02/21 12:36:54,Temperatura,30.970242949821607
629,14/02/21 12:36:55,Temperatura,31.834167257640583
630,14/02/21 12:36:56,Temperatura,34.59672069932536
631,14/02/21 12:36:58,Temperatura,41.959902258474905
632,14/02/21 12:36:59,Temperatura,23.96719934506507
633,14/02/21 12:37:01,Temperatura,31.697290557262765
634,14/02/21 12:37:02,Temperatura,30.175326045662317
635,14/02/21 12:37:03,Temperatura,26.41554105763997
636,14/02/21 12:37:04,Temperatura,30.271023098258866
637,14/02/21 12:37:05,Temperatura,24.95880960108934
638,14/02/21 12:37:06,Temperatura,34.907542745730275
639,14/02/21 12:37:08,Temperatura,28.990191582267286
640,14/02/21 12:37:09,Temperatura,27.4207452704644
641,14/02/21 12:37:10,Temperatura,26.221325841158958
642,14/02/21 12:37:11,Temperatura,31.66861966939737
643,14/02/21 12:37:12,Temperatura,28.108802289479772
644,14/02/21 12:37:13,Temperatura,38.140859853909205
645,14/02/21 12:37:14,Temperatura,27.48004360011234
646,14/02/21 12:37:15,Temperatura,24.060591693556233
647,14/02/21 12:37:16,Temperatura,29.27544624361881
648,14/02/21 12:37:17,Temperatura,25.097485963736023
649,14/02/21 12:37:18,Temperatura,29.94361330431836
650,14/02/21 12:37:19,Temperatura,30.691604872936747
651,14/02/21 12:37:20,Temperatura,33.10821816117502
652,14/02/21 12:37:21,Temperatura,32.38486116742814
653,14/02/21 12:37:23,Temperatura,25.287692185982184
654,14/02/21 12:37:24,Temperatura,34.81145063931753
655,14/02/21 12:37:25,Temperatura,14.127973528343231
656,14/02/21 12:37:26,Temperatura,28.987713176632532
657,14/02/21 12:37:27,Temperatura,25.835161094318607
658,14/02/21 12:37:28,Temperatura,29.042066650548836
659,14/02/21 12:37:29,Temperatura,34.34528541926702
660,14/02/21 12:37:30,Temperatura,19.967879782892457
661,14/02/21 12:37:32,Temperatura,36.32436839248469
662,14/02/21 12:37:33,Temperatura,29.66076967766968
663,14/02/21 12:37:34,Temperatura,29.014910531455094
664,14/02/21 12:37:35,Temperatura,25.236080520607125
665,14/02/21 12:37:36,Temperatura,34.701461567178676
666,14/02/21 12:37:37,Temperatura,37.26925975681345
667,14/02/21 12:37:38,Temperatura,33.741180360691665
668,14/02/21 12:37:39,Temperatura,32.736594801928234
669,14/02/21 12:37:41,Temperatura,31.442555319416307
670,14/02/21 12:37:42,Temperatura,27.725598441669725
671,14/02/21 12:37:43,Temperatura,36.331476381921206
672,14/02/21 12:37:44,Temperatura,35.44871001679759
673,14/02/21 12:37:45,Temperatura,32.51841384773951
674,14/02/21 12:37:46,Temperatura,31.91787517073441
675,14/02/21 12:37:48,Temperatura,25.308013824958884
676,14/02/21 12:37:49,Temperatura,34.547626083153645
677,14/02/21 12:37:50,Temperatura,34.3603741475458
678,14/02/21 12:37:51,Temperatura,32.363393913625295
679,14/02/21 12:37:52,Temperatura,28.75840997449405
680,14/02/21 12:37:53,Temperatura,28.297091305864967
681,14/02/21 12:37:54,Temperatura,30.92200646163476
682,14/02/21 12:37:56,Temperatura,29.775080180973355
683,14/02/21 12:37:57,Temperatura,29.327123914547155
684,14/02/21 12:37:58,Temperatura,36.106237890822214
685,14/02/21 12:37:59,Temperatura,31.436813571057673
686,14/02/21 12:38:00,Temperatura,31.916298721111843
687,14/02/21 12:38:02,Temperatura,31.356283955859755
688,14/02/21 12:38:03,Temperatura,28.218133224910225
689,14/02/21 12:38:04,Temperatura,27.34262220736685
690,14/02/21 12:38:05,Temperatura,29.22146347720721
691,14/02/21 12:38:06,Temperatura,28.600881881519932
692,14/02/21 12:38:07,Temperatura,32.38610241766203
693,14/02/21 12:38:08,Temperatura,41.784311322534116
694,14/02/21 12:38:09,Temperatura,23.101320595317397
695,14/02/21 12:38:11,Temperatura,31.464953632088346
696,14/02/21 12:38:12,Temperatura,32.390450665616186
697,14/02/21 12:38:13,Temperatura,30.659561132640054
698,14/02/21 12:38:14,Temperatura,32.911048120786965
699,14/02/21 12:38:15,Temperatura,33.84235274144892
700,14/02/21 12:38:16,Temperatura,31.977771798961932
701,14/02/21 12:38:17,Temperatura,28.559527381629238
702,14/02/21 12:38:18,Temperatura,29.800682655640717
703,14/02/21 12:38:19,Temperatura,37.107267776126214
704,14/02/21 12:38:20,Temperatura,34.94701152819049
705,14/02/21 12:38:21,Temperatura,35.56400210281695
706,14/02/21 12:38:23,Temperatura,23.77295812478238
707,14/02/21 12:38:24,Temperatura,36.83951042466508
708,14/02/21 12:38:25,Temperatura,36.493905235894644
709,14/02/21 12:38:26,Temperatura,28.363293387252988
710,14/02/21 12:38:27,Temperatura,31.920840787485133
711,14/02/21 12:38:28,Temperatura,23.49073209019176
712,14/02/21 12:38:29,Temperatura,37.04791791741071
713,14/02/21 12:38:30,Temperatura,31.3014431756495
714,14/02/21 12:38:31,Temperatura,32.80266202876698
715,14/02/21 12:38:33,Temperatura,31.058669651866357
716,14/02/21 12:38:34,Temperatura,31.536249603994673
717,14/02/21 12:38:35,Temperatura,35.89537828534965
718,14/02/21 12:38:36,Temperatura,23.059507195369765
719,14/02/21 12:38:37,Temperatura,37.03767001463182
720,14/02/21 12:38:38,Temperatura,28.4587715364361
721,14/02/21 12:38:39,Temperatura,39.71940954316601
722,14/02/21 12:38:40,Temperatura,29.755762056444173
723,14/02/21 12:38:42,Temperatura,27.119539335110225
724,14/02/21 12:38:43,Temperatura,33.53836931484368
725,14/02/21 12:38:44,Temperatura,26.77692983334772
726,14/02/21 12:38:45,Temperatura,28.277755605126732
727,14/02/21 12:38:47,Temperatura,32.12271597179361
728,14/02/21 12:38:48,Temperatura,36.19914424423002
729,14/02/21 12:38:49,Temperatura,16.727077967742055
730,14/02/21 12:38:50,Temperatura,24.37355319925404
731,14/02/21 12:38:51,Temperatura,36.18814747597268
732,14/02/21 12:38:53,Temperatura,21.96104637136691
733,14/02/21 12:38:54,Temperatura,32.326584855973664
734,14/02/21 12:38:55,Temperatura,34.76763213638144
735,14/02/21 12:38:56,Temperatura,36.49348566451115
736,14/02/21 12:38:57,Temperatura,28.60994705308514
737,14/02/21 12:38:58,Temperatura,29.400559314281804
738,14/02/21 12:38:59,Temperatura,32.49096123648867
739,14/02/21 12:39:01,Temperatura,21.04488318266909
740,14/02/21 12:39:02,Temperatura,35.830851492786174
741,14/02/21 12:39:03,Temperatura,29.95024102695592
742,14/02/21 12:39:04,Temperatura,28.00282916155925
743,14/02/21 12:39:05,Temperatura,28.28656829940154
744,14/02/21 12:39:06,Temperatura,28.87754894187019
745,14/02/21 12:39:07,Temperatura,29.76560385940628
746,14/02/21 12:39:08,Temperatura,25.696665433787537
747,14/02/21 12:39:10,Temperatura,22.877947807153433
748,14/02/21 12:39:11,Temperatura,28.812853267825506
749,14/02/21 12:39:12,Temperatura,33.16969714763305
750,14/02/21 12:39:13,Temperatura,37.45405951767951
751,14/02/21 12:39:14,Temperatura,29.4918637323485
752,14/02/21 12:39:15,Temperatura,38.15309184566245
753,14/02/21 12:39:16,Temperatura,38.7699021418844
